CN,PLOT,SUBP,TREE,STATECD,INVYR,SPCD,DIA,HT,ACTUALHT,STAGE
1815813754290487,89,1,52,33,2024,261.0,3.5,30.0,30.0,2.0
1815813758290487,89,1,56,33,2024,261.0,2.6,21.0,21.0,2.0
1815813755290487,89,1,53,33,2024,261.0,3.7,20.0,20.0,2.0
1815813756290487,89,1,54,33,2024,261.0,2.7,21.0,21.0,2.0
1815813757290487,89,1,55,33,2024,261.0,4.9,26.0,26.0,3.0
1815813759290487,89,1,58,33,2024,261.0,1.8,15.0,15.0,1.0
1815813761290487,89,1,60,33,2024,261.0,5.0,29.0,29.0,3.0
1815813762290487,89,1,61,33,2024,261.0,5.9,33.0,33.0,3.0
1815813763290487,89,1,62,33,2024,261.0,7.5,32.0,32.0,3.0
1815813765290487,89,1,64,33,2024,261.0,8.1,25.0,25.0,4.0
1815813768290487,89,3,19,33,2024,261.0,7.2,34.0,34.0,3.0
1815813772290487,89,3,23,33,2024,261.0,5.4,29.0,29.0,3.0
1815815210290487,251,2,8,33,2024,261.0,10.7,37.0,37.0,4.0
1815817534290487,328,1,11,33,2024,261.0,,,,
1815817535290487,328,1,18,33,2024,261.0,8.7,51.0,51.0,4.0
1815817537290487,328,1,47,33,2024,261.0,7.3,36.0,36.0,3.0
1815817540290487,328,2,4,33,2024,261.0,15.5,73.0,73.0,5.0
1815817541290487,328,2,5,33,2024,261.0,10.8,45.0,45.0,4.0
1815817542290487,328,2,8,33,2024,261.0,11.8,62.0,62.0,4.0
1815817543290487,328,2,10,33,2024,261.0,5.9,39.0,39.0,3.0
1815817545290487,328,2,12,33,2024,261.0,17.5,75.0,75.0,5.0
1815817551290487,328,2,18,33,2024,261.0,11.1,40.0,21.0,4.0
1815817552290487,328,2,19,33,2024,261.0,13.3,58.0,58.0,5.0
1815817553290487,328,2,21,33,2024,261.0,9.9,45.0,45.0,4.0
1815817554290487,328,2,22,33,2024,261.0,5.4,40.0,17.0,3.0
1815817556290487,328,2,24,33,2024,261.0,2.9,17.0,17.0,2.0
1815817559290487,328,2,27,33,2024,261.0,1.0,9.0,9.0,1.0
1815817565290487,328,4,9,33,2024,261.0,9.1,35.0,35.0,4.0
1815817562290487,328,4,4,33,2024,261.0,14.5,67.0,57.0,5.0
1815817563290487,328,4,5,33,2024,261.0,12.9,70.0,62.0,5.0
1815817567290487,328,4,11,33,2024,261.0,16.8,69.0,54.0,5.0
1815817569290487,328,4,16,33,2024,261.0,7.5,45.0,45.0,3.0
1815817572290487,328,4,19,33,2024,261.0,3.0,15.0,15.0,2.0
1815817573290487,328,4,20,33,2024,261.0,2.5,13.0,13.0,2.0
1815817574290487,328,4,21,33,2024,261.0,6.5,37.0,37.0,3.0
1815817576290487,328,4,23,33,2024,261.0,1.0,6.0,6.0,1.0
1815811433290487,489,1,13,33,2024,261.0,5.7,40.0,40.0,3.0
1815811434290487,489,1,15,33,2024,261.0,8.4,37.0,37.0,4.0
1815811435290487,489,1,36,33,2024,261.0,3.3,23.0,23.0,2.0
1815811436290487,489,1,37,33,2024,261.0,2.7,20.0,20.0,2.0
1815811437290487,489,1,38,33,2024,261.0,6.9,36.0,36.0,3.0
1815811438290487,489,1,39,33,2024,261.0,1.0,11.0,11.0,1.0
1815811441290487,489,1,42,33,2024,261.0,1.3,10.0,10.0,1.0
1815811442290487,489,2,2,33,2024,261.0,7.0,36.0,33.0,3.0
1815811445290487,489,2,8,33,2024,261.0,9.3,42.0,42.0,4.0
1815811446290487,489,2,9,33,2024,261.0,5.4,28.0,28.0,3.0
1815811447290487,489,2,10,33,2024,261.0,6.4,37.0,37.0,3.0
1815811450290487,489,2,13,33,2024,261.0,5.3,34.0,34.0,3.0
1815811451290487,489,2,14,33,2024,261.0,5.8,35.0,35.0,3.0
1815811455290487,489,3,4,33,2024,261.0,6.4,35.0,35.0,3.0
1815811460290487,489,4,17,33,2024,261.0,3.2,27.0,27.0,2.0
1815811467290487,489,4,25,33,2024,261.0,4.9,28.0,28.0,3.0
1815811471290487,489,4,29,33,2024,261.0,1.7,17.0,17.0,1.0
1815811469290487,489,4,27,33,2024,261.0,2.0,23.0,23.0,1.0
1815811470290487,489,4,28,33,2024,261.0,1.6,16.0,16.0,1.0
1815811472290487,489,4,30,33,2024,261.0,1.7,18.0,18.0,1.0
1815811473290487,489,4,31,33,2024,261.0,1.9,17.0,17.0,1.0
1815811474290487,489,4,33,33,2024,261.0,1.6,16.0,16.0,1.0
1815811476290487,489,4,35,33,2024,261.0,1.9,22.0,22.0,1.0
1815811480290487,489,4,39,33,2024,261.0,1.2,14.0,14.0,1.0
1815811481290487,489,4,40,33,2024,261.0,1.4,13.0,13.0,1.0
1815811484290487,489,4,43,33,2024,261.0,1.0,12.0,12.0,1.0
1815811485290487,489,4,44,33,2024,261.0,1.0,11.0,11.0,1.0
1815811486290487,489,4,45,33,2024,261.0,5.3,38.0,38.0,3.0
1815812207290487,587,1,1,33,2024,261.0,2.3,11.0,11.0,2.0
1815812209290487,587,1,3,33,2024,261.0,15.7,57.0,57.0,5.0
1815812210290487,587,1,4,33,2024,261.0,8.0,37.0,37.0,4.0
1815812211290487,587,1,5,33,2024,261.0,15.3,62.0,62.0,5.0
1815812213290487,587,1,7,33,2024,261.0,11.5,57.0,57.0,4.0
1815812221290487,587,1,15,33,2024,261.0,10.9,58.0,58.0,4.0
1815812227290487,587,2,4,33,2024,261.0,11.3,52.0,52.0,4.0
1815812238290487,587,3,1,33,2024,261.0,5.6,33.0,33.0,3.0
1815812239290487,587,3,3,33,2024,261.0,14.5,60.0,60.0,5.0
1815812240290487,587,3,4,33,2024,261.0,7.3,32.0,32.0,3.0
1815812241290487,587,3,5,33,2024,261.0,8.2,37.0,37.0,4.0
1815812243290487,587,3,7,33,2024,261.0,7.4,43.0,43.0,3.0
1815812246290487,587,3,10,33,2024,261.0,15.5,65.0,53.0,5.0
1815812248290487,587,3,12,33,2024,261.0,11.1,35.0,35.0,4.0
1815812251290487,587,3,15,33,2024,261.0,11.3,45.0,45.0,4.0
1815812252290487,587,3,16,33,2024,261.0,5.9,37.0,37.0,3.0
1815812256290487,587,4,4,33,2024,261.0,12.0,50.0,50.0,4.0
1815812746290487,619,2,10,33,2024,261.0,8.9,44.0,44.0,4.0
1815812744290487,619,2,5,33,2024,261.0,16.3,65.0,30.0,5.0
1815812747290487,619,2,11,33,2024,261.0,22.7,78.0,78.0,6.0
1815812759290487,619,3,14,33,2024,261.0,15.2,66.0,66.0,5.0
1815812760290487,619,3,15,33,2024,261.0,15.8,60.0,60.0,5.0
1815814524290487,736,1,6,33,2024,261.0,2.8,16.0,16.0,2.0
1815814527290487,736,1,9,33,2024,261.0,11.5,41.0,41.0,4.0
1815814538290487,736,2,3,33,2024,261.0,1.3,17.0,17.0,1.0
1815814539290487,736,2,4,33,2024,261.0,14.4,65.0,65.0,5.0
1815814540290487,736,2,5,33,2024,261.0,15.5,63.0,63.0,5.0
1815814541290487,736,2,6,33,2024,261.0,,,,
1815814544290487,736,2,9,33,2024,261.0,5.4,27.0,27.0,3.0
1815814545290487,736,2,10,33,2024,261.0,10.0,54.0,54.0,4.0
1815814548290487,736,2,13,33,2024,261.0,12.6,49.0,49.0,5.0
1815814546290487,736,2,11,33,2024,261.0,8.2,49.0,49.0,4.0
1815814547290487,736,2,12,33,2024,261.0,12.0,60.0,60.0,4.0
1815814551290487,736,2,16,33,2024,261.0,5.1,26.0,26.0,3.0
1815814553290487,736,3,2,33,2024,261.0,6.9,34.0,34.0,3.0
1815814556290487,736,3,5,33,2024,261.0,11.2,52.0,52.0,4.0
1815814557290487,736,3,6,33,2024,261.0,14.9,82.0,82.0,5.0
1815814559290487,736,3,8,33,2024,261.0,10.2,48.0,48.0,4.0
1815814561290487,736,3,10,33,2024,261.0,9.3,45.0,45.0,4.0
1815814564290487,736,3,13,33,2024,261.0,13.0,43.0,43.0,5.0
1815814565290487,736,3,14,33,2024,261.0,5.8,31.0,31.0,3.0
1815814572290487,736,4,6,33,2024,261.0,8.3,46.0,46.0,4.0
1815817592290487,768,1,29,33,2024,261.0,8.8,41.0,41.0,4.0
1815817594290487,768,1,31,33,2024,261.0,5.1,29.0,29.0,3.0
1815817604290487,768,2,15,33,2024,261.0,7.7,42.0,42.0,3.0
1815817605290487,768,2,16,33,2024,261.0,6.9,44.0,44.0,3.0
1815817609290487,768,3,1,33,2024,261.0,16.4,77.0,77.0,5.0
1815817610290487,768,3,3,33,2024,261.0,12.5,73.0,73.0,5.0
1815817611290487,768,3,5,33,2024,261.0,12.6,75.0,75.0,5.0
1815817612290487,768,3,8,33,2024,261.0,18.2,84.0,84.0,5.0
1815817613290487,768,3,10,33,2024,261.0,14.3,76.0,76.0,5.0
1815817614290487,768,3,12,33,2024,261.0,14.2,75.0,75.0,5.0
1815817615290487,768,3,14,33,2024,261.0,7.8,45.0,24.0,3.0
1815817616290487,768,3,15,33,2024,261.0,17.1,82.0,82.0,5.0
1815817617290487,768,3,16,33,2024,261.0,9.7,65.0,65.0,4.0
1815817618290487,768,3,17,33,2024,261.0,17.3,90.0,90.0,5.0
1815817619290487,768,3,18,33,2024,261.0,12.0,62.0,62.0,4.0
1815817620290487,768,3,19,33,2024,261.0,5.1,45.0,32.0,3.0
1815817626290487,768,4,11,33,2024,261.0,5.5,28.0,28.0,3.0
1815817628290487,768,4,13,33,2024,261.0,9.7,52.0,52.0,4.0
1815815157290487,1009,1,39,33,2024,261.0,6.4,33.0,33.0,3.0
1815815165290487,1009,3,5,33,2024,261.0,13.3,52.0,52.0,5.0
1815815164290487,1009,3,2,33,2024,261.0,17.4,78.0,78.0,5.0
1815815172290487,1009,3,20,33,2024,261.0,5.8,30.0,30.0,3.0
1815815176290487,1009,4,14,33,2024,261.0,2.5,17.0,17.0,2.0
1815815177290487,1009,4,17,33,2024,261.0,1.5,10.0,10.0,1.0
1815815178290487,1009,4,18,33,2024,261.0,7.4,39.0,39.0,3.0
1815815180290487,1009,4,20,33,2024,261.0,3.0,16.0,16.0,2.0
1815814779290487,1010,2,32,33,2024,261.0,1.5,13.0,13.0,1.0
1815815254290487,1055,1,5,33,2024,261.0,9.0,27.0,27.0,4.0
1815815285290487,1055,4,6,33,2024,261.0,7.3,48.0,48.0,3.0
1815815286290487,1055,4,7,33,2024,261.0,11.9,55.0,55.0,4.0
1815815287290487,1055,4,8,33,2024,261.0,20.6,81.0,81.0,6.0
1815820061290487,1514,1,3,33,2024,261.0,4.0,20.0,20.0,2.0
1815820066290487,1514,1,9,33,2024,261.0,9.3,51.0,51.0,4.0
1815820068290487,1514,1,11,33,2024,261.0,15.1,62.0,62.0,5.0
1815820070290487,1514,1,13,33,2024,261.0,10.7,60.0,60.0,4.0
1815820092290487,1514,3,8,33,2024,261.0,13.4,53.0,53.0,5.0
1815820098290487,1514,4,2,33,2024,261.0,12.5,50.0,50.0,5.0
1815820100290487,1514,4,4,33,2024,261.0,7.6,28.0,28.0,3.0
1815820101290487,1514,4,5,33,2024,261.0,11.8,53.0,53.0,4.0
1815820102290487,1514,4,7,33,2024,261.0,18.0,73.0,73.0,5.0
1815820340290487,1549,2,1,33,2024,261.0,13.7,58.0,58.0,5.0
1815820341290487,1549,2,2,33,2024,261.0,7.5,43.0,43.0,3.0
1815820350290487,1549,2,11,33,2024,261.0,5.9,27.0,27.0,3.0
1815820351290487,1549,2,12,33,2024,261.0,9.2,38.0,38.0,4.0
1815820363290487,1549,3,9,33,2024,261.0,6.9,20.0,20.0,3.0
1815820361290487,1549,3,7,33,2024,261.0,7.5,40.0,40.0,3.0
1815820386290487,1549,4,18,33,2024,261.0,2.1,15.0,15.0,1.0
1815820388290487,1549,4,20,33,2024,261.0,2.3,15.0,15.0,2.0
1815820389290487,1549,4,21,33,2024,261.0,1.8,12.0,12.0,1.0
1815820390290487,1549,4,22,33,2024,261.0,2.8,19.0,19.0,2.0
1815820391290487,1549,4,23,33,2024,261.0,1.4,9.0,9.0,1.0
1815820392290487,1549,4,24,33,2024,261.0,1.5,11.0,11.0,1.0
1815820393290487,1549,4,25,33,2024,261.0,1.2,9.0,9.0,1.0
1815821576290487,2504,1,3,33,2024,261.0,13.4,52.0,52.0,5.0
1815821581290487,2504,1,8,33,2024,261.0,11.5,53.0,53.0,4.0
1815821583290487,2504,1,10,33,2024,261.0,6.9,37.0,37.0,3.0
1815821584290487,2504,1,11,33,2024,261.0,15.0,72.0,72.0,5.0
1815821585290487,2504,1,12,33,2024,261.0,5.9,35.0,35.0,3.0
1815821590290487,2504,2,1,33,2024,261.0,3.6,20.0,15.0,2.0
1815821591290487,2504,2,2,33,2024,261.0,31.2,87.0,87.0,6.0
1815821595290487,2504,2,6,33,2024,261.0,13.9,68.0,68.0,5.0
1815821592290487,2504,2,3,33,2024,261.0,10.5,65.0,65.0,4.0
1815821593290487,2504,2,4,33,2024,261.0,16.7,72.0,72.0,5.0
1815821594290487,2504,2,5,33,2024,261.0,10.2,35.0,35.0,4.0
1815821596290487,2504,2,7,33,2024,261.0,13.3,67.0,67.0,5.0
1815821597290487,2504,2,8,33,2024,261.0,14.3,70.0,70.0,5.0
1815821598290487,2504,2,9,33,2024,261.0,18.8,84.0,84.0,5.0
1815821600290487,2504,3,3,33,2024,261.0,2.1,16.0,16.0,1.0
1815821601290487,2504,3,4,33,2024,261.0,2.4,18.0,18.0,2.0
1815821607290487,2504,3,10,33,2024,261.0,19.8,65.0,65.0,6.0
1815821608290487,2504,3,11,33,2024,261.0,8.2,40.0,40.0,4.0
1815821609290487,2504,3,12,33,2024,261.0,14.8,64.0,64.0,5.0
1815821610290487,2504,3,13,33,2024,261.0,8.3,55.0,55.0,4.0
1815821611290487,2504,3,14,33,2024,261.0,17.2,64.0,64.0,5.0
1815821612290487,2504,3,15,33,2024,261.0,1.0,10.0,10.0,1.0
1815821613290487,2504,4,1,33,2024,261.0,2.5,22.0,22.0,2.0
1815821618290487,2504,4,6,33,2024,261.0,6.4,39.0,39.0,3.0
1815821620290487,2504,4,8,33,2024,261.0,10.1,62.0,62.0,4.0
1815818113290487,870,2,11,33,2024,261.0,,,,
1815818116290487,870,2,14,33,2024,261.0,,,,
1815818129290487,870,3,14,33,2024,261.0,,,,
1815818133290487,870,3,18,33,2024,261.0,,,,
1815818134290487,870,3,19,33,2024,261.0,,,,
1815818137290487,870,4,2,33,2024,261.0,,,,
1815818136290487,870,4,1,33,2024,261.0,,,,
1815818140290487,870,4,5,33,2024,261.0,,,,
1815818143290487,870,4,8,33,2024,261.0,,,,
1815818144290487,870,4,9,33,2024,261.0,,,,
1815812489290487,1108,1,5,33,2024,261.0,17.2,76.0,76.0,5.0
1815812490290487,1108,1,6,33,2024,261.0,13.6,52.0,52.0,5.0
1815812496290487,1108,1,13,33,2024,261.0,14.1,58.0,58.0,5.0
1815812500290487,1108,1,17,33,2024,261.0,5.0,29.0,29.0,3.0
1815812502290487,1108,2,3,33,2024,261.0,,,,
1815812503290487,1108,2,5,33,2024,261.0,,,,
1815812511290487,1108,3,3,33,2024,261.0,19.1,74.0,74.0,5.0
1815812519290487,1108,4,4,33,2024,261.0,6.5,22.0,18.0,3.0
1815812530290487,1108,4,15,33,2024,261.0,1.2,10.0,10.0,1.0
1815812531290487,1108,4,16,33,2024,261.0,2.3,13.0,13.0,2.0
1815821522290487,2794,1,2,33,2024,261.0,26.6,78.0,78.0,6.0
1815821524290487,2794,1,5,33,2024,261.0,15.3,70.0,27.0,5.0
1815821525290487,2794,1,8,33,2024,261.0,24.2,80.0,80.0,6.0
1815821534290487,2794,2,9,33,2024,261.0,12.8,46.0,46.0,5.0
1815821546290487,2794,4,2,33,2024,261.0,10.3,44.0,44.0,4.0
1815821548290487,2794,4,5,33,2024,261.0,21.2,57.0,57.0,6.0
1815821549290487,2794,4,7,33,2024,261.0,9.9,35.0,35.0,4.0
1815821552290487,2794,4,10,33,2024,261.0,15.9,63.0,63.0,5.0
1815821554290487,2794,4,12,33,2024,261.0,16.5,66.0,66.0,5.0
1815821557290487,2794,4,15,33,2024,261.0,11.2,44.0,44.0,4.0
1815821558290487,2794,4,16,33,2024,261.0,1.1,9.0,9.0,1.0
1815812998290487,33,2,16,33,2024,261.0,,,,
1815813044290487,105,1,6,33,2024,261.0,,,,
1815813050290487,105,1,24,33,2024,261.0,2.3,16.0,16.0,2.0
1815813051290487,105,1,25,33,2024,261.0,8.4,31.0,31.0,4.0
1815813054290487,105,1,28,33,2024,261.0,8.7,42.0,42.0,4.0
1815813055290487,105,1,29,33,2024,261.0,1.5,15.0,15.0,1.0
1815813056290487,105,1,30,33,2024,261.0,1.8,16.0,16.0,1.0
1815813058290487,105,1,32,33,2024,261.0,5.1,30.0,17.0,3.0
1815813059290487,105,1,33,33,2024,261.0,1.6,15.0,15.0,1.0
1815813060290487,105,1,34,33,2024,261.0,5.3,30.0,30.0,3.0
1815813075290487,105,3,4,33,2024,261.0,20.0,66.0,66.0,6.0
1815813077290487,105,3,6,33,2024,261.0,18.1,72.0,72.0,5.0
1815813078290487,105,3,7,33,2024,261.0,14.8,56.0,56.0,5.0
1815813079290487,105,3,8,33,2024,261.0,9.0,47.0,47.0,4.0
1815813081290487,105,3,10,33,2024,261.0,14.5,55.0,55.0,5.0
1815813083290487,105,3,12,33,2024,261.0,8.5,44.0,44.0,4.0
1815813085290487,105,3,15,33,2024,261.0,6.1,31.0,31.0,3.0
1815813087290487,105,4,2,33,2024,261.0,4.1,30.0,30.0,2.0
1815813088290487,105,4,3,33,2024,261.0,2.5,21.0,21.0,2.0
1815813089290487,105,4,4,33,2024,261.0,1.8,22.0,22.0,1.0
1815813091290487,105,4,6,33,2024,261.0,,,,
1815813104290487,105,4,7,33,2024,261.0,2.9,27.0,27.0,2.0
1815813095290487,105,4,11,33,2024,261.0,8.1,40.0,40.0,4.0
1815813093290487,105,4,9,33,2024,261.0,8.2,38.0,38.0,4.0
1815813099290487,105,4,15,33,2024,261.0,1.0,8.0,8.0,1.0
1815813097290487,105,4,13,33,2024,261.0,1.2,19.0,19.0,1.0
1815813100290487,105,4,16,33,2024,261.0,6.1,34.0,34.0,3.0
1815813101290487,105,4,17,33,2024,261.0,6.0,29.0,29.0,3.0
1815813102290487,105,4,18,33,2024,261.0,5.2,34.0,34.0,3.0
1815813103290487,105,4,19,33,2024,261.0,5.1,38.0,38.0,3.0
1815816041290487,363,1,8,33,2024,261.0,19.4,70.0,70.0,6.0
1815816045290487,363,1,19,33,2024,261.0,12.0,50.0,50.0,4.0
1815816048290487,363,1,42,33,2024,261.0,8.5,50.0,50.0,4.0
1815816049290487,363,1,43,33,2024,261.0,6.6,35.0,35.0,3.0
1815816050290487,363,1,44,33,2024,261.0,7.5,29.0,29.0,3.0
1815816052290487,363,1,46,33,2024,261.0,6.1,27.0,27.0,3.0
1815816054290487,363,1,48,33,2024,261.0,5.1,33.0,33.0,3.0
1815816056290487,363,2,2,33,2024,261.0,11.8,52.0,52.0,4.0
1815816057290487,363,2,3,33,2024,261.0,12.0,60.0,60.0,4.0
1815816058290487,363,2,4,33,2024,261.0,7.2,40.0,40.0,3.0
1815816060290487,363,2,6,33,2024,261.0,16.2,62.0,62.0,5.0
1815816064290487,363,2,14,33,2024,261.0,7.0,49.0,49.0,3.0
1815816065290487,363,2,15,33,2024,261.0,6.8,39.0,39.0,3.0
1815816066290487,363,2,16,33,2024,261.0,7.8,40.0,40.0,3.0
1815816067290487,363,2,17,33,2024,261.0,5.9,36.0,36.0,3.0
1815816070290487,363,3,4,33,2024,261.0,11.3,56.0,56.0,4.0
1815816076290487,363,3,16,33,2024,261.0,5.9,34.0,34.0,3.0
1815816079290487,363,4,4,33,2024,261.0,7.8,35.0,35.0,3.0
1815816080290487,363,4,5,33,2024,261.0,11.7,51.0,51.0,4.0
1815816081290487,363,4,6,33,2024,261.0,12.4,53.0,53.0,4.0
1815816085290487,363,4,10,33,2024,261.0,13.1,54.0,54.0,5.0
1815816086290487,363,4,11,33,2024,261.0,12.3,50.0,50.0,4.0
1815816088290487,363,4,13,33,2024,261.0,3.8,25.0,25.0,2.0
1815816091290487,363,4,16,33,2024,261.0,2.2,17.0,17.0,1.0
1815816095290487,363,4,21,33,2024,261.0,7.5,40.0,40.0,3.0
1815815347290487,670,4,2,33,2024,261.0,9.3,32.0,32.0,4.0
1815815951290487,758,2,8,33,2024,261.0,11.7,57.0,57.0,4.0
1815815364290487,789,4,3,33,2024,261.0,,,,
1815816330290487,981,4,9,33,2024,261.0,15.1,60.0,60.0,5.0
1815820233290487,1920,1,14,33,2024,261.0,10.7,40.0,40.0,4.0
1815820236290487,1920,1,17,33,2024,261.0,6.3,21.0,21.0,3.0
1815820279290487,1920,3,1,33,2024,261.0,7.0,40.0,40.0,3.0
1815820280290487,1920,3,2,33,2024,261.0,8.1,40.0,40.0,4.0
1815820282290487,1920,3,4,33,2024,261.0,6.8,41.0,41.0,3.0
1815820283290487,1920,3,5,33,2024,261.0,12.5,60.0,60.0,5.0
1815820284290487,1920,3,6,33,2024,261.0,17.5,56.0,56.0,5.0
1815820286290487,1920,3,8,33,2024,261.0,10.5,48.0,48.0,4.0
1815820468290487,2928,1,8,33,2024,261.0,6.2,20.0,20.0,3.0
1815820469290487,2928,1,9,33,2024,261.0,12.3,60.0,60.0,4.0
1815820471290487,2928,1,11,33,2024,261.0,12.8,40.0,40.0,5.0
1815820476290487,2928,1,16,33,2024,261.0,17.5,50.0,50.0,5.0
1815820482290487,2928,2,4,33,2024,261.0,14.6,64.0,64.0,5.0
1815820490290487,2928,2,12,33,2024,261.0,9.3,45.0,45.0,4.0
1815820492290487,2928,2,14,33,2024,261.0,10.2,49.0,49.0,4.0
1815820495290487,2928,2,17,33,2024,261.0,13.2,66.0,66.0,5.0
1815820497290487,2928,2,19,33,2024,261.0,9.1,35.0,35.0,4.0
1815820505290487,2928,3,4,33,2024,261.0,23.1,80.0,80.0,6.0
1815820506290487,2928,3,5,33,2024,261.0,18.1,77.0,77.0,5.0
1815820507290487,2928,3,6,33,2024,261.0,11.6,69.0,69.0,4.0
1815820508290487,2928,3,7,33,2024,261.0,20.9,80.0,80.0,6.0
1815820509290487,2928,3,8,33,2024,261.0,5.5,24.0,24.0,3.0
1815820511290487,2928,3,10,33,2024,261.0,11.5,60.0,60.0,4.0
1815817840290487,5,1,20,33,2024,261.0,5.9,24.0,15.0,3.0
1815817844290487,5,1,24,33,2024,261.0,9.7,38.0,23.0,4.0
1815817845290487,5,1,25,33,2024,261.0,10.7,51.0,51.0,4.0
1815817846290487,5,1,26,33,2024,261.0,2.6,16.0,16.0,2.0
1815817852290487,5,2,18,33,2024,261.0,9.2,46.0,46.0,4.0
1815817850290487,5,1,30,33,2024,261.0,6.8,38.0,38.0,3.0
1815817853290487,5,2,19,33,2024,261.0,12.4,55.0,55.0,4.0
1815817854290487,5,2,20,33,2024,261.0,8.4,53.0,53.0,4.0
1815817855290487,5,2,21,33,2024,261.0,5.7,45.0,45.0,3.0
1815817856290487,5,2,22,33,2024,261.0,6.3,47.0,47.0,3.0
1815817857290487,5,2,23,33,2024,261.0,6.8,40.0,37.0,3.0
1815817859290487,5,2,25,33,2024,261.0,8.5,35.0,35.0,4.0
1815817860290487,5,2,26,33,2024,261.0,9.3,38.0,35.0,4.0
1815817861290487,5,2,27,33,2024,261.0,10.4,50.0,48.0,4.0
1815817862290487,5,2,28,33,2024,261.0,7.6,55.0,55.0,3.0
1815817863290487,5,2,29,33,2024,261.0,2.5,24.0,24.0,2.0
1815817864290487,5,2,30,33,2024,261.0,6.4,43.0,43.0,3.0
1815817865290487,5,2,32,33,2024,261.0,3.2,31.0,31.0,2.0
1815817866290487,5,2,33,33,2024,261.0,5.5,38.0,38.0,3.0
1815817867290487,5,2,34,33,2024,261.0,5.2,44.0,44.0,3.0
1815817868290487,5,2,35,33,2024,261.0,7.2,51.0,51.0,3.0
1815817869290487,5,2,36,33,2024,261.0,6.4,40.0,40.0,3.0
1815817870290487,5,2,37,33,2024,261.0,5.7,38.0,38.0,3.0
1815817871290487,5,2,38,33,2024,261.0,7.2,51.0,51.0,3.0
1815817872290487,5,2,39,33,2024,261.0,5.2,45.0,45.0,3.0
1815817885290487,5,3,29,33,2024,261.0,5.7,27.0,27.0,3.0
1815817890290487,5,4,17,33,2024,261.0,13.5,65.0,65.0,5.0
1815817892290487,5,4,19,33,2024,261.0,11.4,47.0,47.0,4.0
1815817893290487,5,4,20,33,2024,261.0,11.3,66.0,66.0,4.0
1815817894290487,5,4,21,33,2024,261.0,10.5,65.0,65.0,4.0
1815817895290487,5,4,22,33,2024,261.0,15.7,70.0,70.0,5.0
1815817897290487,5,4,24,33,2024,261.0,5.7,34.0,34.0,3.0
1815817898290487,5,4,26,33,2024,261.0,2.7,21.0,21.0,2.0
1815817899290487,5,4,27,33,2024,261.0,1.7,15.0,15.0,1.0
1815817901290487,5,4,30,33,2024,261.0,2.0,17.0,17.0,1.0
1815817902290487,5,4,31,33,2024,261.0,6.6,53.0,53.0,3.0
1815817903290487,5,4,32,33,2024,261.0,7.4,40.0,40.0,3.0
1815814910290487,306,2,6,33,2024,261.0,10.4,50.0,50.0,4.0
1815814919290487,306,2,17,33,2024,261.0,1.0,9.0,9.0,1.0
1815814842290487,426,1,2,33,2024,261.0,15.6,76.0,76.0,5.0
1815814843290487,426,1,3,33,2024,261.0,12.6,51.0,51.0,5.0
1815814844290487,426,1,4,33,2024,261.0,16.0,74.0,74.0,5.0
1815814845290487,426,1,5,33,2024,261.0,6.8,47.0,47.0,3.0
1815814846290487,426,1,6,33,2024,261.0,11.3,63.0,63.0,4.0
1815814847290487,426,1,7,33,2024,261.0,10.4,61.0,61.0,4.0
1815814848290487,426,1,8,33,2024,261.0,,,,
1815814849290487,426,1,9,33,2024,261.0,19.3,76.0,76.0,6.0
1815814850290487,426,1,10,33,2024,261.0,1.5,9.0,9.0,1.0
1815814852290487,426,2,3,33,2024,261.0,7.2,40.0,5.0,3.0
1815814853290487,426,2,6,33,2024,261.0,10.4,49.0,49.0,4.0
1815814854290487,426,2,7,33,2024,261.0,9.5,42.0,7.0,4.0
1815814855290487,426,2,8,33,2024,261.0,12.8,54.0,54.0,5.0
1815814856290487,426,2,9,33,2024,261.0,12.0,59.0,59.0,4.0
1815814857290487,426,2,10,33,2024,261.0,13.0,57.0,57.0,5.0
1815814858290487,426,2,11,33,2024,261.0,12.8,60.0,60.0,5.0
1815814860290487,426,2,15,33,2024,261.0,12.1,52.0,52.0,4.0
1815814861290487,426,2,17,33,2024,261.0,9.9,30.0,16.0,4.0
1815814862290487,426,2,20,33,2024,261.0,8.1,32.0,32.0,4.0
1815814863290487,426,2,21,33,2024,261.0,1.3,12.0,12.0,1.0
1815814868290487,426,3,5,33,2024,261.0,7.5,40.0,40.0,3.0
1815814871290487,426,3,8,33,2024,261.0,9.4,51.0,51.0,4.0
1815814872290487,426,3,9,33,2024,261.0,7.3,35.0,35.0,3.0
1815814877290487,426,3,17,33,2024,261.0,5.0,23.0,23.0,3.0
1815814878290487,426,4,3,33,2024,261.0,8.8,57.0,57.0,4.0
1815814879290487,426,4,6,33,2024,261.0,5.6,51.0,12.0,3.0
1815814880290487,426,4,12,33,2024,261.0,13.9,76.0,76.0,5.0
1815814882290487,426,4,14,33,2024,261.0,6.0,35.0,35.0,3.0
1815817705290487,1027,1,1,33,2024,261.0,17.8,77.0,77.0,5.0
1815817707290487,1027,1,5,33,2024,261.0,6.4,41.0,41.0,3.0
1815817710290487,1027,1,10,33,2024,261.0,17.2,82.0,82.0,5.0
1815817711290487,1027,1,15,33,2024,261.0,15.5,71.0,71.0,5.0
1815817712290487,1027,1,19,33,2024,261.0,17.5,75.0,75.0,5.0
1815817713290487,1027,1,24,33,2024,261.0,10.0,58.0,58.0,4.0
1815817714290487,1027,1,30,33,2024,261.0,16.9,84.0,84.0,5.0
1815817715290487,1027,1,32,33,2024,261.0,9.7,62.0,62.0,4.0
1815817716290487,1027,1,33,33,2024,261.0,6.3,38.0,38.0,3.0
1815817717290487,1027,1,34,33,2024,261.0,7.6,38.0,38.0,3.0
1815817719290487,1027,1,36,33,2024,261.0,8.2,38.0,38.0,4.0
1815817720290487,1027,1,41,33,2024,261.0,4.4,21.0,21.0,2.0
1815817721290487,1027,2,1,33,2024,261.0,11.4,54.0,54.0,4.0
1815817724290487,1027,2,5,33,2024,261.0,10.3,63.0,63.0,4.0
1815817725290487,1027,2,6,33,2024,261.0,7.8,34.0,34.0,3.0
1815817726290487,1027,2,7,33,2024,261.0,17.4,64.0,64.0,5.0
1815817732290487,1027,2,15,33,2024,261.0,9.6,50.0,50.0,4.0
1815817734290487,1027,2,18,33,2024,261.0,8.1,45.0,45.0,4.0
1815817735290487,1027,3,1,33,2024,261.0,5.7,34.0,34.0,3.0
1815817737290487,1027,3,4,33,2024,261.0,15.5,75.0,75.0,5.0
1815817738290487,1027,3,5,33,2024,261.0,15.4,73.0,73.0,5.0
1815817739290487,1027,3,6,33,2024,261.0,18.0,76.0,76.0,5.0
1815817740290487,1027,3,7,33,2024,261.0,20.7,75.0,75.0,6.0
1815817741290487,1027,3,8,33,2024,261.0,14.5,70.0,70.0,5.0
1815817742290487,1027,3,9,33,2024,261.0,15.9,74.0,74.0,5.0
1815817747290487,1027,3,15,33,2024,261.0,1.0,8.0,8.0,1.0
1815817748290487,1027,4,1,33,2024,261.0,15.4,54.0,35.0,5.0
1815817750290487,1027,4,4,33,2024,261.0,12.6,40.0,28.0,5.0
1815817751290487,1027,4,11,33,2024,261.0,5.3,25.0,6.0,3.0
1815817752290487,1027,4,12,33,2024,261.0,1.8,10.0,10.0,1.0
1815817753290487,1027,4,13,33,2024,261.0,1.2,11.0,11.0,1.0
1815817754290487,1027,4,14,33,2024,261.0,2.3,15.0,15.0,2.0
1815812815290487,64,1,3,33,2024,261.0,10.7,71.0,71.0,4.0
1815812816290487,64,1,4,33,2024,261.0,16.5,76.0,76.0,5.0
1815812817290487,64,1,5,33,2024,261.0,11.6,68.0,68.0,4.0
1815812819290487,64,1,7,33,2024,261.0,15.8,82.0,82.0,5.0
1815812821290487,64,1,9,33,2024,261.0,10.9,53.0,53.0,4.0
1815812822290487,64,1,10,33,2024,261.0,19.6,79.0,79.0,6.0
1815812823290487,64,1,11,33,2024,261.0,5.9,27.0,27.0,3.0
1815812824290487,64,1,12,33,2024,261.0,16.2,70.0,70.0,5.0
1815812825290487,64,2,1,33,2024,261.0,5.0,29.0,29.0,3.0
1815812826290487,64,2,2,33,2024,261.0,21.7,92.0,92.0,6.0
1815812827290487,64,2,3,33,2024,261.0,13.8,60.0,60.0,5.0
1815812830290487,64,2,6,33,2024,261.0,22.3,81.0,81.0,6.0
1815812831290487,64,2,7,33,2024,261.0,,,,
1815812842290487,64,3,12,33,2024,261.0,1.8,10.0,10.0,1.0
1815812844290487,64,4,3,33,2024,261.0,11.9,73.0,73.0,4.0
1815812845290487,64,4,4,33,2024,261.0,11.7,60.0,50.0,4.0
1815812846290487,64,4,5,33,2024,261.0,15.1,76.0,76.0,5.0
1815812847290487,64,4,6,33,2024,261.0,15.0,83.0,83.0,5.0
1815812848290487,64,4,7,33,2024,261.0,11.0,56.0,56.0,4.0
1815812852290487,64,4,11,33,2024,261.0,7.6,53.0,53.0,3.0
1815812395290487,335,1,30,33,2024,261.0,11.1,61.0,61.0,4.0
1815812400290487,335,1,37,33,2024,261.0,19.0,81.0,81.0,5.0
1815812401290487,335,1,38,33,2024,261.0,8.5,44.0,44.0,4.0
1815812402290487,335,1,39,33,2024,261.0,5.4,35.0,35.0,3.0
1815812403290487,335,1,40,33,2024,261.0,5.0,28.0,28.0,3.0
1815812404290487,335,2,11,33,2024,261.0,17.9,78.0,78.0,5.0
1815812407290487,335,2,21,33,2024,261.0,7.1,31.0,31.0,3.0
1815812414290487,335,3,21,33,2024,261.0,6.8,26.0,26.0,3.0
1815812418290487,335,3,27,33,2024,261.0,5.2,28.0,28.0,3.0
1815812419290487,335,3,28,33,2024,261.0,5.7,30.0,30.0,3.0
1815812421290487,335,4,9,33,2024,261.0,7.8,36.0,36.0,3.0
1815812425290487,335,4,13,33,2024,261.0,5.0,24.0,24.0,3.0
1815812332290487,546,2,25,33,2024,261.0,6.0,53.0,53.0,3.0
1815812348290487,546,3,13,33,2024,261.0,7.7,40.0,40.0,3.0
1815814268290487,941,2,11,33,2024,261.0,7.2,25.0,25.0,3.0
1815814276290487,941,3,10,33,2024,261.0,8.4,39.0,39.0,4.0
1815811360290487,1210,1,23,33,2024,261.0,20.0,80.0,80.0,6.0
1815811363290487,1210,1,30,33,2024,261.0,7.7,46.0,46.0,3.0
1815811365290487,1210,1,34,33,2024,261.0,4.9,37.0,34.0,3.0
1815811366290487,1210,1,35,33,2024,261.0,3.7,25.0,25.0,2.0
1815811369290487,1210,1,38,33,2024,261.0,6.5,40.0,40.0,3.0
1815811370290487,1210,1,39,33,2024,261.0,6.6,46.0,46.0,3.0
1815811371290487,1210,1,40,33,2024,261.0,5.4,35.0,35.0,3.0
1815811372290487,1210,2,1,33,2024,261.0,7.9,40.0,40.0,3.0
1815811375290487,1210,2,4,33,2024,261.0,14.3,45.0,45.0,5.0
1815811373290487,1210,2,2,33,2024,261.0,6.2,23.0,23.0,3.0
1815811386290487,1210,2,17,33,2024,261.0,6.1,39.0,39.0,3.0
1815811387290487,1210,2,18,33,2024,261.0,9.4,32.0,32.0,4.0
1815811389290487,1210,3,1,33,2024,261.0,10.0,47.0,47.0,4.0
1815811390290487,1210,3,2,33,2024,261.0,7.8,40.0,34.0,3.0
1815811391290487,1210,3,3,33,2024,261.0,12.7,65.0,22.0,5.0
1815811392290487,1210,3,4,33,2024,261.0,10.3,42.0,42.0,4.0
1815811393290487,1210,3,5,33,2024,261.0,15.8,80.0,80.0,5.0
1815811394290487,1210,3,7,33,2024,261.0,12.3,55.0,55.0,4.0
1815811395290487,1210,3,8,33,2024,261.0,12.7,88.0,88.0,5.0
1815811397290487,1210,3,13,33,2024,261.0,19.7,90.0,90.0,6.0
1815811398290487,1210,3,14,33,2024,261.0,17.5,83.0,83.0,5.0
1815811399290487,1210,3,15,33,2024,261.0,1.1,11.0,11.0,1.0
1815811400290487,1210,4,1,33,2024,261.0,12.5,48.0,48.0,5.0
1815811403290487,1210,4,4,33,2024,261.0,9.1,45.0,45.0,4.0
1815811408290487,1210,4,9,33,2024,261.0,19.9,84.0,84.0,6.0
1815811410290487,1210,4,11,33,2024,261.0,1.6,14.0,14.0,1.0
1815811411290487,1210,4,12,33,2024,261.0,1.1,11.0,11.0,1.0
1815813678290487,60,1,1,33,2024,261.0,16.1,80.0,18.0,5.0
1815813719290487,60,4,1,33,2024,261.0,15.7,65.0,65.0,5.0
1815813722290487,60,4,7,33,2024,261.0,18.9,87.0,87.0,5.0
1815813723290487,60,4,8,33,2024,261.0,13.5,68.0,68.0,5.0
1815813726290487,60,4,11,33,2024,261.0,10.9,49.0,49.0,4.0
1815813727290487,60,4,12,33,2024,261.0,8.4,45.0,45.0,4.0
1815813557290487,178,1,4,33,2024,261.0,19.2,81.0,81.0,5.0
1815813562290487,178,1,10,33,2024,261.0,22.6,81.0,81.0,6.0
1815813563290487,178,1,11,33,2024,261.0,12.5,55.0,55.0,5.0
1815813565290487,178,2,2,33,2024,261.0,,,,
1815813569290487,178,2,6,33,2024,261.0,,,,
1815813568290487,178,2,5,33,2024,261.0,,,,
1815813570290487,178,3,1,33,2024,261.0,2.0,13.0,13.0,1.0
1815813575290487,178,3,6,33,2024,261.0,17.0,75.0,75.0,5.0
1815813576290487,178,3,7,33,2024,261.0,7.9,54.0,52.0,3.0
1815813579290487,178,3,10,33,2024,261.0,7.3,40.0,35.0,3.0
1815813580290487,178,3,11,33,2024,261.0,5.9,43.0,43.0,3.0
1815813583290487,178,4,2,33,2024,261.0,,,,
1815813585290487,178,4,4,33,2024,261.0,,,,
1815813590290487,178,4,9,33,2024,261.0,,,,
1815813591290487,178,4,10,33,2024,261.0,,,,
1815812011290487,228,2,2,33,2024,261.0,14.8,44.0,44.0,5.0
1815812018290487,228,2,10,33,2024,261.0,3.3,19.0,19.0,2.0
1815812023290487,228,2,15,33,2024,261.0,1.6,16.0,16.0,1.0
1815811581290487,318,1,13,33,2024,261.0,12.9,56.0,56.0,5.0
1815811582290487,318,1,17,33,2024,261.0,13.3,72.0,72.0,5.0
1815811584290487,318,1,24,33,2024,261.0,11.6,67.0,67.0,4.0
1815811585290487,318,1,25,33,2024,261.0,6.6,48.0,48.0,3.0
1815811587290487,318,3,20,33,2024,261.0,9.9,60.0,60.0,4.0
1815811595290487,318,3,30,33,2024,261.0,7.7,41.0,41.0,3.0
1815811596290487,318,3,32,33,2024,261.0,11.3,59.0,59.0,4.0
1815811597290487,318,3,33,33,2024,261.0,2.0,10.0,10.0,1.0
1815811599290487,318,4,32,33,2024,261.0,6.3,47.0,47.0,3.0
1815811600290487,318,4,33,33,2024,261.0,5.6,34.0,34.0,3.0
1815811601290487,318,4,34,33,2024,261.0,6.5,31.0,31.0,3.0
1815811606290487,318,4,39,33,2024,261.0,7.1,31.0,31.0,3.0
1815811604290487,318,4,37,33,2024,261.0,5.4,41.0,41.0,3.0
1815811607290487,318,4,40,33,2024,261.0,6.8,46.0,46.0,3.0
1815811608290487,318,4,41,33,2024,261.0,10.1,69.0,69.0,4.0
1815811611290487,318,4,44,33,2024,261.0,12.5,55.0,55.0,5.0
1815811612290487,318,4,45,33,2024,261.0,15.8,82.0,82.0,5.0
1815811613290487,318,4,46,33,2024,261.0,6.6,46.0,46.0,3.0
1815811614290487,318,4,47,33,2024,261.0,10.3,74.0,74.0,4.0
1815811615290487,318,4,48,33,2024,261.0,8.5,64.0,64.0,4.0
1815811617290487,318,4,50,33,2024,261.0,11.1,61.0,61.0,4.0
1815811618290487,318,4,51,33,2024,261.0,11.0,60.0,60.0,4.0
1815811619290487,318,4,52,33,2024,261.0,17.4,83.0,83.0,5.0
1815811620290487,318,4,53,33,2024,261.0,14.1,60.0,60.0,5.0
1815811621290487,318,4,55,33,2024,261.0,8.3,45.0,45.0,4.0
1815811622290487,318,4,56,33,2024,261.0,5.0,44.0,44.0,3.0
1815811281290487,326,4,9,33,2024,261.0,15.5,71.0,71.0,5.0
1815813297290487,971,1,47,33,2024,261.0,10.0,54.0,54.0,4.0
1815813298290487,971,1,50,33,2024,261.0,10.0,60.0,60.0,4.0
1815813299290487,971,1,51,33,2024,261.0,7.2,51.0,51.0,3.0
1815813301290487,971,1,53,33,2024,261.0,6.6,46.0,46.0,3.0
1815813303290487,971,1,55,33,2024,261.0,7.4,42.0,42.0,3.0
1815813304290487,971,1,56,33,2024,261.0,5.4,27.0,27.0,3.0
1815813326290487,971,3,11,33,2024,261.0,15.5,62.0,62.0,5.0
1815813328290487,971,3,15,33,2024,261.0,7.6,45.0,45.0,3.0
1815813330290487,971,3,17,33,2024,261.0,6.0,33.0,23.0,3.0
1815813335290487,971,3,23,33,2024,261.0,5.7,33.0,28.0,3.0
1815813336290487,971,3,24,33,2024,261.0,7.2,47.0,47.0,3.0
1815813337290487,971,3,25,33,2024,261.0,6.1,45.0,45.0,3.0
1815813338290487,971,3,26,33,2024,261.0,5.3,44.0,44.0,3.0
1815813606290487,49,1,1,33,2024,261.0,1.2,9.0,9.0,1.0
1815813611290487,49,1,6,33,2024,261.0,17.4,65.0,65.0,5.0
1815813619290487,49,2,1,33,2024,261.0,3.0,21.0,21.0,2.0
1815813621290487,49,2,3,33,2024,261.0,2.2,15.0,15.0,1.0
1815813627290487,49,2,9,33,2024,261.0,15.7,55.0,55.0,5.0
1815813629290487,49,2,11,33,2024,261.0,22.4,75.0,75.0,6.0
1815813634290487,49,3,1,33,2024,261.0,8.1,60.0,60.0,4.0
1815813635290487,49,3,2,33,2024,261.0,8.4,57.0,57.0,4.0
1815813637290487,49,3,4,33,2024,261.0,12.0,50.0,50.0,4.0
1815813638290487,49,3,5,33,2024,261.0,15.5,60.0,60.0,5.0
1815813643290487,49,4,1,33,2024,261.0,4.0,26.0,24.0,2.0
1815813644290487,49,4,2,33,2024,261.0,1.9,21.0,18.0,1.0
1815813645290487,49,4,4,33,2024,261.0,1.7,14.0,14.0,1.0
1815813646290487,49,4,6,33,2024,261.0,11.4,66.0,66.0,4.0
1815813652290487,49,4,12,33,2024,261.0,8.7,57.0,57.0,4.0
1815813658290487,49,4,18,33,2024,261.0,5.4,40.0,40.0,3.0
1815813660290487,49,4,20,33,2024,261.0,6.0,54.0,54.0,3.0
1815813661290487,49,4,21,33,2024,261.0,5.0,40.0,40.0,3.0
1815818659290487,82,1,2,33,2024,261.0,11.3,58.0,58.0,4.0
1815818663290487,82,1,6,33,2024,261.0,9.5,42.0,42.0,4.0
1815818665290487,82,1,8,33,2024,261.0,13.8,68.0,68.0,5.0
1815818666290487,82,1,9,33,2024,261.0,10.3,63.0,63.0,4.0
1815818670290487,82,1,13,33,2024,261.0,11.7,65.0,65.0,4.0
1815818672290487,82,2,1,33,2024,261.0,1.6,12.0,12.0,1.0
1815818673290487,82,2,2,33,2024,261.0,1.3,11.0,11.0,1.0
1815818674290487,82,2,3,33,2024,261.0,2.3,15.0,15.0,2.0
1815818676290487,82,2,5,33,2024,261.0,11.3,62.0,62.0,4.0
1815818678290487,82,2,8,33,2024,261.0,6.4,31.0,31.0,3.0
1815818685290487,82,2,16,33,2024,261.0,5.8,45.0,45.0,3.0
1815818686290487,82,2,17,33,2024,261.0,1.7,10.0,10.0,1.0
1815818687290487,82,2,18,33,2024,261.0,5.8,37.0,37.0,3.0
1815818690290487,82,3,3,33,2024,261.0,11.4,66.0,66.0,4.0
1815818692290487,82,3,5,33,2024,261.0,7.7,55.0,55.0,3.0
1815818697290487,82,3,11,33,2024,261.0,5.9,41.0,41.0,3.0
1815818705290487,82,4,7,33,2024,261.0,12.4,54.0,54.0,4.0
1815818706290487,82,4,8,33,2024,261.0,6.8,45.0,45.0,3.0
1815818709290487,82,4,11,33,2024,261.0,6.3,40.0,40.0,3.0
1815811536290487,107,1,9,33,2024,261.0,,,,
1815811545290487,107,1,24,33,2024,261.0,,,,
1815811542290487,107,1,20,33,2024,261.0,,,,
1815811544290487,107,1,23,33,2024,261.0,,,,
1815811547290487,107,2,3,33,2024,261.0,,,,
1815811550290487,107,2,15,33,2024,261.0,,,,
1815811551290487,107,2,19,33,2024,261.0,,,,
1815813509290487,156,1,10,33,2024,261.0,3.9,19.0,19.0,2.0
1815813510290487,156,1,11,33,2024,261.0,2.8,15.0,15.0,2.0
1815813511290487,156,1,12,33,2024,261.0,2.8,14.0,14.0,2.0
1815813514290487,156,3,1,33,2024,261.0,1.1,10.0,10.0,1.0
1815813515290487,156,3,2,33,2024,261.0,5.5,42.0,42.0,3.0
1815813516290487,156,3,3,33,2024,261.0,3.6,30.0,30.0,2.0
1815813517290487,156,3,4,33,2024,261.0,,,,
1815813518290487,156,3,5,33,2024,261.0,11.6,59.0,59.0,4.0
1815813522290487,156,3,9,33,2024,261.0,8.2,45.0,45.0,4.0
1815813523290487,156,3,10,33,2024,261.0,6.3,58.0,58.0,3.0
1815813524290487,156,3,11,33,2024,261.0,13.4,73.0,73.0,5.0
1815813526290487,156,3,13,33,2024,261.0,9.3,67.0,67.0,4.0
1815813527290487,156,3,14,33,2024,261.0,6.1,50.0,50.0,3.0
1815813528290487,156,3,15,33,2024,261.0,15.0,76.0,76.0,5.0
1815813530290487,156,3,17,33,2024,261.0,13.3,76.0,76.0,5.0
1815813531290487,156,3,18,33,2024,261.0,,,,
1815815473290487,302,1,10,33,2024,261.0,15.2,58.0,58.0,5.0
1815815479290487,302,1,29,33,2024,261.0,1.4,8.0,8.0,1.0
1815815480290487,302,1,30,33,2024,261.0,2.7,16.0,16.0,2.0
1815815481290487,302,1,31,33,2024,261.0,8.6,39.0,39.0,4.0
1815815482290487,302,1,32,33,2024,261.0,,,,
1815815484290487,302,1,34,33,2024,261.0,1.6,13.0,13.0,1.0
1815815485290487,302,1,35,33,2024,261.0,6.2,39.0,39.0,3.0
1815815511290487,302,4,9,33,2024,261.0,21.1,50.0,50.0,6.0
1815814975290487,386,2,2,33,2024,261.0,6.1,40.0,40.0,3.0
1815814977290487,386,2,5,33,2024,261.0,3.0,23.0,23.0,2.0
1815814978290487,386,2,7,33,2024,261.0,7.4,46.0,46.0,3.0
1815814979290487,386,2,8,33,2024,261.0,1.8,17.0,17.0,1.0
1815814980290487,386,2,9,33,2024,261.0,4.0,25.0,25.0,2.0
1815814981290487,386,2,10,33,2024,261.0,2.1,12.0,12.0,1.0
1815814992290487,386,2,23,33,2024,261.0,7.9,47.0,47.0,3.0
1815814995290487,386,2,26,33,2024,261.0,7.1,39.0,39.0,3.0
1815814996290487,386,2,27,33,2024,261.0,8.9,44.0,44.0,4.0
1815814997290487,386,2,28,33,2024,261.0,12.0,59.0,59.0,4.0
1815814999290487,386,2,30,33,2024,261.0,6.8,47.0,47.0,3.0
1815815000290487,386,2,31,33,2024,261.0,6.1,37.0,37.0,3.0
1815815001290487,386,2,32,33,2024,261.0,5.5,36.0,36.0,3.0
1815815002290487,386,2,33,33,2024,261.0,6.6,43.0,43.0,3.0
1815815003290487,386,2,34,33,2024,261.0,7.2,45.0,45.0,3.0
1815815005290487,386,2,36,33,2024,261.0,5.4,42.0,42.0,3.0
1815815007290487,386,2,38,33,2024,261.0,5.7,32.0,32.0,3.0
1815815010290487,386,2,41,33,2024,261.0,5.5,34.0,34.0,3.0
1815813456290487,733,1,2,33,2024,261.0,,,,
1815813457290487,733,1,3,33,2024,261.0,,,,
1815813459290487,733,1,16,33,2024,261.0,10.6,47.0,47.0,4.0
1815813460290487,733,1,17,33,2024,261.0,9.5,47.0,47.0,4.0
1815815014290487,386,3,19,33,2024,261.0,6.9,31.0,31.0,3.0
1815813462290487,733,1,19,33,2024,261.0,8.4,38.0,38.0,4.0
1815813464290487,733,1,21,33,2024,261.0,5.7,35.0,35.0,3.0
1815813466290487,733,2,8,33,2024,261.0,17.8,66.0,66.0,5.0
1815813467290487,733,2,9,33,2024,261.0,13.6,46.0,46.0,5.0
1815813468290487,733,2,10,33,2024,261.0,12.9,45.0,45.0,5.0
1815813469290487,733,2,11,33,2024,261.0,11.1,55.0,55.0,4.0
1815813478290487,733,2,22,33,2024,261.0,6.3,29.0,29.0,3.0
1815813479290487,733,3,10,33,2024,261.0,7.0,45.0,45.0,3.0
1815813482290487,733,4,2,33,2024,261.0,19.7,62.0,62.0,6.0
1815813485290487,733,4,10,33,2024,261.0,3.8,27.0,27.0,2.0
1815813490290487,733,4,15,33,2024,261.0,7.2,41.0,41.0,3.0
1815815078290487,920,1,13,33,2024,261.0,18.0,77.0,77.0,5.0
1815815080290487,920,1,32,33,2024,261.0,10.7,49.0,49.0,4.0
1815815086290487,920,1,46,33,2024,261.0,5.7,41.0,41.0,3.0
1815815097290487,920,3,3,33,2024,261.0,21.4,60.0,60.0,6.0
1815815106290487,920,4,2,33,2024,261.0,8.4,50.0,50.0,4.0
1815815107290487,920,4,3,33,2024,261.0,5.8,33.0,33.0,3.0
1815815110290487,920,4,6,33,2024,261.0,10.6,44.0,44.0,4.0
1815815111290487,920,4,7,33,2024,261.0,10.0,51.0,51.0,4.0
1815815113290487,920,4,9,33,2024,261.0,12.8,50.0,50.0,5.0
1815815122290487,920,4,18,33,2024,261.0,9.0,48.0,48.0,4.0
1815815126290487,920,4,22,33,2024,261.0,7.5,49.0,49.0,3.0
1815815128290487,920,4,25,33,2024,261.0,6.1,34.0,34.0,3.0
1815811155290487,1005,1,19,33,2024,261.0,12.8,55.0,55.0,5.0
1815811159290487,1005,1,29,33,2024,261.0,8.2,38.0,38.0,4.0
1815811167290487,1005,2,6,33,2024,261.0,8.2,41.0,41.0,4.0
1815811168290487,1005,2,7,33,2024,261.0,6.7,34.0,34.0,3.0
1815811169290487,1005,2,8,33,2024,261.0,8.1,51.0,51.0,4.0
1815811172290487,1005,2,11,33,2024,261.0,11.7,55.0,55.0,4.0
1815811182290487,1005,3,5,33,2024,261.0,15.4,51.0,51.0,5.0
1815811186290487,1005,3,9,33,2024,261.0,9.7,50.0,50.0,4.0
1815811187290487,1005,3,10,33,2024,261.0,7.4,28.0,28.0,3.0
1815811198290487,1005,4,3,33,2024,261.0,11.2,45.0,45.0,4.0
1815811202290487,1005,4,7,33,2024,261.0,10.3,52.0,52.0,4.0
1815811204290487,1005,4,10,33,2024,261.0,12.9,52.0,52.0,5.0
1815811205290487,1005,4,11,33,2024,261.0,11.0,63.0,63.0,4.0
1815811211290487,1005,4,17,33,2024,261.0,5.3,37.0,37.0,3.0
1815813841290487,1430,3,17,33,2024,261.0,5.8,30.0,30.0,3.0
1815811785290487,194,1,3,33,2024,261.0,13.8,30.0,28.0,5.0
1815811209290487,1005,4,15,33,2024,261.0,11.4,47.0,47.0,4.0
1815811820290487,194,4,4,33,2024,261.0,13.9,37.0,37.0,5.0
1815818263290487,1023,1,13,33,2024,261.0,12.5,35.0,35.0,5.0
1815818265290487,1023,1,21,33,2024,261.0,,,,
1815818267290487,1023,1,24,33,2024,261.0,13.4,63.0,63.0,5.0
1815818268290487,1023,1,25,33,2024,261.0,1.9,15.0,15.0,1.0
1815818269290487,1023,1,26,33,2024,261.0,2.2,20.0,20.0,1.0
1815818270290487,1023,1,27,33,2024,261.0,4.8,29.0,29.0,3.0
1815818271290487,1023,1,28,33,2024,261.0,2.5,21.0,21.0,2.0
1815818272290487,1023,1,29,33,2024,261.0,1.3,13.0,13.0,1.0
1815818273290487,1023,1,30,33,2024,261.0,1.1,13.0,13.0,1.0
1815818274290487,1023,1,31,33,2024,261.0,1.7,16.0,16.0,1.0
1815818275290487,1023,1,32,33,2024,261.0,7.1,36.0,36.0,3.0
1815818276290487,1023,1,33,33,2024,261.0,5.3,31.0,31.0,3.0
1815818277290487,1023,1,34,33,2024,261.0,5.3,30.0,30.0,3.0
1815818280290487,1023,2,4,33,2024,261.0,10.4,47.0,47.0,4.0
1815818282290487,1023,2,7,33,2024,261.0,10.1,51.0,51.0,4.0
1815818287290487,1023,2,13,33,2024,261.0,8.4,51.0,51.0,4.0
1815818288290487,1023,2,14,33,2024,261.0,6.6,29.0,29.0,3.0
1815818289290487,1023,2,15,33,2024,261.0,7.0,45.0,45.0,3.0
1815818290290487,1023,2,16,33,2024,261.0,6.7,26.0,26.0,3.0
1815818291290487,1023,2,17,33,2024,261.0,5.7,40.0,40.0,3.0
1815818296290487,1023,4,5,33,2024,261.0,6.2,30.0,30.0,3.0
1815818298290487,1023,4,7,33,2024,261.0,6.8,41.0,41.0,3.0
1815818348290487,1208,4,1,33,2024,261.0,6.1,27.0,27.0,3.0
1815818358290487,1208,4,12,33,2024,261.0,22.1,78.0,78.0,6.0
1815817774290487,545,1,6,33,2024,261.0,7.6,33.0,33.0,3.0
1815817775290487,545,1,7,33,2024,261.0,9.9,43.0,43.0,4.0
1815817778290487,545,1,10,33,2024,261.0,10.0,38.0,38.0,4.0
1815817779290487,545,1,11,33,2024,261.0,7.0,37.0,37.0,3.0
1815817780290487,545,1,12,33,2024,261.0,8.1,40.0,40.0,4.0
1815817781290487,545,1,13,33,2024,261.0,11.4,41.0,41.0,4.0
1815817788290487,545,2,5,33,2024,261.0,12.9,43.0,43.0,5.0
1815817789290487,545,2,6,33,2024,261.0,13.0,41.0,41.0,5.0
1815817796290487,545,3,4,33,2024,261.0,16.9,57.0,57.0,5.0
1815817800290487,545,3,9,33,2024,261.0,15.4,75.0,75.0,5.0
1815817803290487,545,3,12,33,2024,261.0,,,,
1815817804290487,545,3,13,33,2024,261.0,18.8,71.0,71.0,5.0
1815817805290487,545,3,14,33,2024,261.0,8.3,67.0,67.0,4.0
1815817808290487,545,3,17,33,2024,261.0,8.9,50.0,50.0,4.0
1815817813290487,545,4,1,33,2024,261.0,10.4,40.0,40.0,4.0
1815817816290487,545,4,4,33,2024,261.0,19.0,44.0,44.0,5.0
1815817641290487,754,1,9,33,2024,261.0,14.0,64.0,64.0,5.0
1815817643290487,754,1,11,33,2024,261.0,15.1,67.0,67.0,5.0
1815817644290487,754,1,12,33,2024,261.0,14.8,65.0,65.0,5.0
1815817645290487,754,1,13,33,2024,261.0,11.5,36.0,36.0,4.0
1815817667290487,754,3,14,33,2024,261.0,13.0,49.0,49.0,5.0
1815817669290487,754,3,16,33,2024,261.0,6.6,33.0,26.0,3.0
1815817670290487,754,3,17,33,2024,261.0,12.9,58.0,58.0,5.0
1815817672290487,754,3,19,33,2024,261.0,10.8,45.0,45.0,4.0
1815817676290487,754,4,7,33,2024,261.0,18.8,77.0,77.0,5.0
1815817678290487,754,4,10,33,2024,261.0,12.1,57.0,57.0,4.0
1815814207290487,45,2,2,33,2024,261.0,10.0,42.0,42.0,4.0
1815814212290487,45,2,10,33,2024,261.0,9.4,40.0,40.0,4.0
1815814214290487,45,2,12,33,2024,261.0,10.0,46.0,46.0,4.0
1815814215290487,45,2,13,33,2024,261.0,10.6,43.0,43.0,4.0
1815814217290487,45,2,16,33,2024,261.0,8.4,45.0,45.0,4.0
1815814218290487,45,2,17,33,2024,261.0,7.6,36.0,36.0,3.0
1815814219290487,45,2,18,33,2024,261.0,6.1,38.0,38.0,3.0
1815814223290487,45,2,22,33,2024,261.0,5.9,35.0,35.0,3.0
1815814221290487,45,2,20,33,2024,261.0,8.2,41.0,41.0,4.0
1815814224290487,45,2,23,33,2024,261.0,5.2,31.0,31.0,3.0
1815814129290487,1057,1,6,33,2024,261.0,15.0,63.0,63.0,5.0
1815814134290487,1057,1,20,33,2024,261.0,13.4,61.0,61.0,5.0
1815814139290487,1057,1,39,33,2024,261.0,7.8,40.0,40.0,3.0
1815814140290487,1057,1,41,33,2024,261.0,9.5,57.0,57.0,4.0
1815814142290487,1057,2,8,33,2024,261.0,17.1,57.0,57.0,5.0
